INSERT INTO district_mapping (district_code, district_name) VALUES
('D0001', 'District_001'),
('D0002', 'District_002'),
('D0003', 'District_003'),
('D0004', 'District_004'),
('D0005', 'District_005'),
('D0006', 'District_006'),
('D0007', 'District_007'),
('D0008', 'District_008'),
('D0009', 'District_009'),
('D0010', 'District_010'),
('D0011', 'District_011'),
('D0012', 'District_012'),
('D0013', 'District_013'),
('D0014', 'District_014'),
('D0015', 'District_015'),
('D0016', 'District_016'),
('D0017', 'District_017'),
('D0018', 'District_018'),
('D0019', 'District_019'),
('D0020', 'District_020'),
('D0021', 'District_021'),
('D0022', 'District_022'),
('D0023', 'District_023'),
('D0024', 'District_024'),
('D0025', 'District_025'),
('D0026', 'District_026'),
('D0027', 'District_027'),
('D0028', 'District_028'),
('D0029', 'District_029'),
('D0030', 'District_030'),
('D0031', 'District_031'),
('D0032', 'District_032'),
('D0033', 'District_033'),
('D0034', 'District_034'),
('D0035', 'District_035'),
('D0036', 'District_036'),
('D0037', 'District_037'),
('D0038', 'District_038'),
('D0039', 'District_039'),
('D0040', 'District_040'),
('D0041', 'District_041'),
('D0042', 'District_042'),
('D0043', 'District_043'),
('D0044', 'District_044'),
('D0045', 'District_045'),
('D0046', 'District_046'),
('D0047', 'District_047'),
('D0048', 'District_048'),
('D0049', 'District_049'),
('D0050', 'District_050'),
('D0051', 'District_051'),
('D0052', 'District_052'),
('D0053', 'District_053'),
('D0054', 'District_054'),
('D0055', 'District_055'),
('D0056', 'District_056'),
('D0057', 'District_057'),
('D0058', 'District_058'),
('D0059', 'District_059'),
('D0060', 'District_060'),
('D0061', 'District_061'),
('D0062', 'District_062'),
('D0063', 'District_063'),
('D0064', 'District_064'),
('D0065', 'District_065'),
('D0066', 'District_066'),
('D0067', 'District_067'),
('D0068', 'District_068'),
('D0069', 'District_069'),
('D0070', 'District_070'),
('D0071', 'District_071'),
('D0072', 'District_072'),
('D0073', 'District_073'),
('D0074', 'District_074'),
('D0075', 'District_075'),
('D0076', 'District_076'),
('D0077', 'District_077'),
('D0078', 'District_078'),
('D0079', 'District_079'),
('D0080', 'District_080'),
('D0081', 'District_081'),
('D0082', 'District_082'),
('D0083', 'District_083'),
('D0084', 'District_084'),
('D0085', 'District_085'),
('D0086', 'District_086'),
('D0087', 'District_087'),
('D0088', 'District_088'),
('D0089', 'District_089'),
('D0090', 'District_090'),
('D0091', 'District_091'),
('D0092', 'District_092'),
('D0093', 'District_093'),
('D0094', 'District_094'),
('D0095', 'District_095'),
('D0096', 'District_096'),
('D0097', 'District_097'),
('D0098', 'District_098'),
('D0099', 'District_099'),
('D0100', 'District_100');

INSERT INTO cases_table (district_code, week, year, disease, cases_reported) VALUES
('D0001', 1, 2025, 'Malaria', 47),
('D0001', 2, 2025, 'Chikungunya', 198),
('D0001', 3, 2025, 'Dengue', 280),
('D0001', 4, 2025, 'Malaria', 166),
('D0001', 5, 2025, 'Typhoid', 167),
('D0001', 6, 2025, 'Hepatitis', 21),
('D0001', 7, 2025, 'Chikungunya', 17),
('D0001', 8, 2025, 'Typhoid', 87),
('D0001', 9, 2025, 'Dengue', 101),
('D0001', 10, 2025, 'Malaria', 259),
('D0001', 11, 2025, 'Swine Flu', 57),
('D0001', 12, 2025, 'Typhoid', 12),
('D0001', 13, 2025, 'Typhoid', 293),
('D0001', 14, 2025, 'Typhoid', 67),
('D0001', 15, 2025, 'Typhoid', 26),
('D0001', 16, 2025, 'Malaria', 237),
('D0001', 17, 2025, 'Malaria', 166),
('D0001', 18, 2025, 'Malaria', 60),
('D0001', 19, 2025, 'Swine Flu', 78),
('D0001', 20, 2025, 'Swine Flu', 209),
('D0001', 21, 2025, 'Malaria', 174),
('D0001', 22, 2025, 'Dengue', 222),
('D0001', 23, 2025, 'Hepatitis', 167),
('D0001', 24, 2025, 'Dengue', 84),
('D0001', 25, 2025, 'Hepatitis', 250),
('D0001', 26, 2025, 'Hepatitis', 33),
('D0002', 1, 2025, 'Hepatitis', 287),
('D0002', 2, 2025, 'Dengue', 61),
('D0002', 3, 2025, 'Typhoid', 278),
('D0002', 4, 2025, 'Dengue', 58),
('D0002', 5, 2025, 'Typhoid', 101),
('D0002', 6, 2025, 'Chikungunya', 281),
('D0002', 7, 2025, 'Swine Flu', 36),
('D0002', 8, 2025, 'Malaria', 167),
('D0002', 9, 2025, 'Swine Flu', 161),
('D0002', 10, 2025, 'Dengue', 266),
('D0002', 11, 2025, 'Typhoid', 103),
('D0002', 12, 2025, 'Dengue', 30),
('D0002', 13, 2025, 'Hepatitis', 105),
('D0002', 14, 2025, 'Swine Flu', 97),
('D0002', 15, 2025, 'Dengue', 54),
('D0002', 16, 2025, 'Swine Flu', 270),
('D0002', 17, 2025, 'Malaria', 88),
('D0002', 18, 2025, 'Malaria', 195),
('D0002', 19, 2025, 'Swine Flu', 132),
('D0002', 20, 2025, 'Dengue', 139),
('D0002', 21, 2025, 'Hepatitis', 50),
('D0002', 22, 2025, 'Chikungunya', 137),
('D0002', 23, 2025, 'Dengue', 299),
('D0002', 24, 2025, 'Hepatitis', 224),
('D0002', 25, 2025, 'Hepatitis', 129),
('D0002', 26, 2025, 'Hepatitis', 208),
('D0003', 1, 2025, 'Chikungunya', 113),
('D0003', 2, 2025, 'Hepatitis', 93),
('D0003', 3, 2025, 'Malaria', 102),
('D0003', 4, 2025, 'Malaria', 161),
('D0003', 5, 2025, 'Swine Flu', 277),
('D0003', 6, 2025, 'Dengue', 170),
('D0003', 7, 2025, 'Swine Flu', 37),
('D0003', 8, 2025, 'Chikungunya', 192),
('D0003', 9, 2025, 'Swine Flu', 97),
('D0003', 10, 2025, 'Malaria', 131),
('D0003', 11, 2025, 'Malaria', 105),
('D0003', 12, 2025, 'Dengue', 227),
('D0003', 13, 2025, 'Dengue', 34),
('D0003', 14, 2025, 'Chikungunya', 198),
('D0003', 15, 2025, 'Dengue', 209),
('D0003', 16, 2025, 'Swine Flu', 64),
('D0003', 17, 2025, 'Dengue', 109),
('D0003', 18, 2025, 'Dengue', 108),
('D0003', 19, 2025, 'Hepatitis', 192),
('D0003', 20, 2025, 'Typhoid', 110),
('D0003', 21, 2025, 'Typhoid', 191),
('D0003', 22, 2025, 'Typhoid', 241),
('D0003', 23, 2025, 'Typhoid', 122),
('D0003', 24, 2025, 'Dengue', 40),
('D0003', 25, 2025, 'Typhoid', 142),
('D0003', 26, 2025, 'Dengue', 110),
('D0004', 1, 2025, 'Malaria', 251),
('D0004', 2, 2025, 'Dengue', 36),
('D0004', 3, 2025, 'Hepatitis', 288),
('D0004', 4, 2025, 'Chikungunya', 92),
('D0004', 5, 2025, 'Malaria', 184),
('D0004', 6, 2025, 'Chikungunya', 296),
('D0004', 7, 2025, 'Dengue', 168),
('D0004', 8, 2025, 'Swine Flu', 76),
('D0004', 9, 2025, 'Swine Flu', 112),
('D0004', 10, 2025, 'Hepatitis', 27),
('D0004', 11, 2025, 'Typhoid', 177),
('D0004', 12, 2025, 'Swine Flu', 119),
('D0004', 13, 2025, 'Chikungunya', 87),
('D0004', 14, 2025, 'Malaria', 147),
('D0004', 15, 2025, 'Dengue', 294),
('D0004', 16, 2025, 'Chikungunya', 167),
('D0004', 17, 2025, 'Chikungunya', 181),
('D0004', 18, 2025, 'Dengue', 175),
('D0004', 19, 2025, 'Hepatitis', 7),
('D0004', 20, 2025, 'Hepatitis', 68),
('D0004', 21, 2025, 'Swine Flu', 142),
('D0004', 22, 2025, 'Chikungunya', 144);

INSERT INTO vaccination_table (district_code, vaccination_coverage) VALUES
('D0001', 88.42),
('D0002', 92.1),
('D0003', 70.69),
('D0004', 66.03),
('D0005', 65.17),
('D0006', 79.07),
('D0007', 50.61),
('D0008', 53.31),
('D0009', 79.65),
('D0010', 96.13),
('D0011', 74.13),
('D0012', 58.63),
('D0013', 58.82),
('D0014', 77.37),
('D0015', 54.54),
('D0016', 51.47),
('D0017', 78.39),
('D0018', 89.59),
('D0019', 80.57),
('D0020', 61.81),
('D0021', 78.39),
('D0022', 97.28),
('D0023', 64.89),
('D0024', 65.12),
('D0025', 78.77),
('D0026', 78.47),
('D0027', 66.33),
('D0028', 78.42),
('D0029', 95.31),
('D0030', 55.62),
('D0031', 50.32),
('D0032', 61.54),
('D0033', 81.99),
('D0034', 93.37),
('D0035', 71.01),
('D0036', 83.52),
('D0037', 76.05),
('D0038', 65.86),
('D0039', 74.56),
('D0040', 60.33),
('D0041', 63.16),
('D0042', 53.5),
('D0043', 70.02),
('D0044', 60.38),
('D0045', 53.92),
('D0046', 83.24),
('D0047', 92.96),
('D0048', 77.57),
('D0049', 73.27),
('D0050', 78.27),
('D0051', 80.94),
('D0052', 85.24),
('D0053', 72.13),
('D0054', 64.31),
('D0055', 53.82),
('D0056', 57.65),
('D0057', 70.66),
('D0058', 93.13),
('D0059', 61.17),
('D0060', 97.37),
('D0061', 96.47),
('D0062', 90.66),
('D0063', 80.8),
('D0064', 58.66),
('D0065', 58.43),
('D0066', 90.04),
('D0067', 91.85),
('D0068', 91.72),
('D0069', 82.51),
('D0070', 82.36),
('D0071', 79.16),
('D0072', 71.67),
('D0073', 81.69),
('D0074', 72.34),
('D0075', 57.02),
('D0076', 94.35),
('D0077', 71.13),
('D0078', 70.14),
('D0079', 85.13),
('D0080', 77.96),
('D0081', 96.27),
('D0082', 71.1),
('D0083', 75.58),
('D0084', 72.07),
('D0085', 80.05),
('D0086', 53.0),
('D0087', 81.59),
('D0088', 63.94),
('D0089', 91.55),
('D0090', 85.44),
('D0091', 59.55),
('D0092', 60.07),
('D0093', 53.69),
('D0094', 75.5),
('D0095', 81.24),
('D0096', 93.59),
('D0097', 85.7),
('D0098', 74.48),
('D0099', 59.63),
('D0100', 97.41);

INSERT INTO population_table (district_code, population) VALUES
('D0001', 4916291),
('D0002', 9147036),
('D0003', 7365335),
('D0004', 5125170),
('D0005', 5481834),
('D0006', 3661079),
('D0007', 1957957),
('D0008', 9427052),
('D0009', 6898702),
('D0010', 2595270),
('D0011', 3484994),
('D0012', 3143818),
('D0013', 429526),
('D0014', 1780873),
('D0015', 6832600),
('D0016', 205480),
('D0017', 488651),
('D0018', 6611887),
('D0019', 1624781),
('D0020', 5455847),
('D0021', 3797604),
('D0022', 8050288),
('D0023', 1979770),
('D0024', 4187522),
('D0025', 1409233),
('D0026', 4269807),
('D0027', 6419591),
('D0028', 5246079),
('D0029', 9792529),
('D0030', 1196771),
('D0031', 2575872),
('D0032', 6696098),
('D0033', 2142221),
('D0034', 6780590),
('D0035', 8516016),
('D0036', 2108786),
('D0037', 4270713),
('D0038', 5997155),
('D0039', 7043945),
('D0040', 4818560),
('D0041', 5159058),
('D0042', 5073315),
('D0043', 1377573),
('D0044', 9647370),
('D0045', 5293410),
('D0046', 7778116),
('D0047', 9531239),
('D0048', 2970706),
('D0049', 4033271),
('D0050', 5197776),
('D0051', 4721103),
('D0052', 151601),
('D0053', 7389620),
('D0054', 345191),
('D0055', 6610567),
('D0056', 5516528),
('D0057', 3869275),
('D0058', 5532969),
('D0059', 2928162),
('D0060', 5826433),
('D0061', 574870),
('D0062', 2157324),
('D0063', 8015192),
('D0064', 8840726),
('D0065', 1213474),
('D0066', 2089247),
('D0067', 5087623),
('D0068', 1787853),
('D0069', 520789),
('D0070', 2345162),
('D0071', 8354190),
('D0072', 6952643),
('D0073', 3862860),
('D0074', 9071791),
('D0075', 8220611),
('D0076', 1475527),
('D0077', 3830071),
('D0078', 8913140),
('D0079', 6022275),
('D0080', 2283164),
('D0081', 3526629),
('D0082', 2178184),
('D0083', 8966094),
('D0084', 2868617),
('D0085', 2656800),
('D0086', 9635566),
('D0087', 5759864),
('D0088', 6022304),
('D0089', 7973923),
('D0090', 3495093),
('D0091', 3519805),
('D0092', 4130624),
('D0093', 1525899),
('D0094', 4505077),
('D0095', 830110),
('D0096', 5787823),
('D0097', 8138624),
('D0098', 3063049),
('D0099', 2247399),
('D0100', 9097327);

INSERT INTO weather_table (district_code, week, rainfall_mm, humidity) VALUES
('D0001', 1, 187.27, 90.58),
('D0001', 2, 475.36, 87.57),
('D0001', 3, 366.0, 38.62),
('D0001', 4, 299.33, 56.19),
('D0001', 5, 78.01, 76.29),
('D0001', 6, 78.0, 75.65),
('D0001', 7, 29.04, 90.22),
('D0001', 8, 433.09, 39.82),
('D0001', 9, 300.56, 60.1),
('D0001', 10, 354.04, 36.81),
('D0001', 11, 10.29, 57.27),
('D0001', 12, 484.95, 31.06),
('D0001', 13, 416.22, 92.88),
('D0001', 14, 106.17, 66.89),
('D0001', 15, 90.91, 89.49),
('D0001', 16, 91.7, 34.19),
('D0001', 17, 152.12, 45.92),
('D0001', 18, 262.38, 48.16),
('D0001', 19, 215.97, 57.07),
('D0001', 20, 145.61, 86.2),
('D0001', 21, 305.93, 57.06),
('D0001', 22, 69.75, 44.33),
('D0001', 23, 146.07, 34.55),
('D0001', 24, 183.18, 35.56),
('D0001', 25, 228.03, 83.2),
('D0001', 26, 392.59, 61.14),
('D0002', 1, 99.84, 80.83),
('D0002', 2, 257.12, 77.76),
('D0002', 3, 296.21, 39.48),
('D0002', 4, 23.23, 40.0),
('D0002', 5, 303.77, 82.87),
('D0002', 6, 85.26, 80.49),
('D0002', 7, 32.53, 56.46),
('D0002', 8, 474.44, 35.42),
('D0002', 9, 482.82, 30.85),
('D0002', 10, 404.2, 50.17),
('D0002', 11, 152.31, 30.65),
('D0002', 12, 48.84, 46.11),
('D0002', 13, 342.12, 59.37),
('D0002', 14, 220.08, 38.5),
('D0002', 15, 61.02, 37.3),
('D0002', 16, 247.59, 92.75),
('D0002', 17, 17.19, 70.98),
('D0002', 18, 454.66, 95.41),
('D0002', 19, 129.39, 54.21),
('D0002', 20, 331.26, 77.4),
('D0002', 21, 155.86, 44.33),
('D0002', 22, 260.03, 73.28),
('D0002', 23, 273.36, 39.07),
('D0002', 24, 92.43, 30.15),
('D0002', 25, 484.79, 95.21),
('D0002', 26, 387.57, 68.84),
('D0003', 1, 469.75, 94.89),
('D0003', 2, 447.41, 53.37),
('D0003', 3, 298.95, 52.95),
('D0003', 4, 460.94, 58.05),
('D0003', 5, 44.25, 79.42),
('D0003', 6, 97.99, 69.61),
('D0003', 7, 22.61, 94.77),
('D0003', 8, 162.67, 31.78),
('D0003', 9, 194.34, 79.57),
('D0003', 10, 135.67, 53.12),
('D0003', 11, 414.37, 42.62),
('D0003', 12, 178.38, 65.73),
('D0003', 13, 140.47, 65.35),
('D0003', 14, 271.35, 39.59),
('D0003', 15, 70.46, 44.13),
('D0003', 16, 401.1, 58.57),
('D0003', 17, 37.28, 58.62),
('D0003', 18, 493.44, 52.23),
('D0003', 19, 386.12, 40.4),
('D0003', 20, 99.36, 30.31),
('D0003', 21, 2.76, 97.92),
('D0003', 22, 407.73, 96.04),
('D0003', 23, 353.43, 63.86),
('D0003', 24, 364.5, 99.65),
('D0003', 25, 385.64, 77.16),
('D0003', 26, 37.02, 34.82),
('D0004', 1, 179.23, 38.24),
('D0004', 2, 57.93, 94.13),
('D0004', 3, 431.55, 74.1),
('D0004', 4, 311.65, 89.02),
('D0004', 5, 165.45, 92.88),
('D0004', 6, 31.78, 61.36),
('D0004', 7, 155.49, 33.4),
('D0004', 8, 162.59, 43.18),
('D0004', 9, 364.8, 34.66),
('D0004', 10, 318.78, 43.21),
('D0004', 11, 443.61, 58.74),
('D0004', 12, 236.11, 38.27),
('D0004', 13, 59.8, 41.67),
('D0004', 14, 356.62, 61.21),
('D0004', 15, 380.39, 53.81),
('D0004', 16, 280.64, 62.74),
('D0004', 17, 385.48, 60.04),
('D0004', 18, 246.9, 75.11),
('D0004', 19, 261.37, 95.6),
('D0004', 20, 213.77, 37.55),
('D0004', 21, 12.71, 36.95),
('D0004', 22, 53.95, 89.7);
